"日付","始値","高値","安値","終値","前日比","出来高","貸株残高"
"2026/04/16","441.0","442.0","428.6","428.6","-6.6","21,348,000","83,200"
"2026/04/15","416.6","435.9","416.6","435.2","+25.2","36,579,600","71,000"
"2026/04/14","410.0","411.9","407.9","410.0","+6.2","12,301,000","75,700"
"2026/04/13","400.2","407.5","399.6","403.8","+0.2","10,751,300","79,300"
"2026/04/10","410.0","410.2","402.3","403.6","-6.6","12,589,700","79,500"
"2026/04/09","408.2","412.4","407.2","410.2","0.0","14,839,300","98,500"
"2026/04/08","405.0","410.5","403.2","410.2","+9.0","19,650,300","102,700"
"2026/04/07","394.0","401.2","392.8","401.2","+9.5","13,399,600","102,700"
"2026/04/06","390.0","394.8","389.0","391.7","-1.5","10,560,200","100,800"
"2026/04/03","392.5","395.4","391.9","393.2","+2.0","9,383,200","97,900"
"2026/04/02","392.7","398.2","390.5","391.2","-4.3","16,268,600","95,900"
"2026/04/01","390.7","396.0","386.5","395.5","+12.8","19,710,300","100,700"
"2026/03/31","381.5","389.0","380.5","382.7","+7.1","22,234,200","89,100"
"2026/03/30","372.1","376.1","369.3","375.6","-9.6","21,243,700","95,400"
"2026/03/27","384.4","391.7","384.1","385.2","-0.4","24,205,100","121,400"
"2026/03/26","388.7","390.4","383.4","385.6","-6.7","18,994,300","82,700"
"2026/03/25","391.1","396.0","390.0","392.3","-1.5","18,120,400","78,600"
"2026/03/24","401.9","401.9","387.0","393.8","-0.1","18,321,900","83,800"
"2026/03/23","393.0","395.8","388.1","393.9","-4.0","22,292,500","84,600"
"2026/03/19","401.9","408.7","397.9","397.9","-4.1","21,763,300","109,100"
"2026/03/18","396.5","402.2","396.3","402.0","+3.5","12,386,600","112,100"
"2026/03/17","396.8","400.3","394.8","398.5","+1.0","12,901,900","112,200"
"2026/03/16","400.0","405.2","397.5","397.5","-0.7","15,344,600","112,200"
"2026/03/13","394.7","401.0","393.7","398.2","-1.0","21,877,900","112,700"
"2026/03/12","406.7","411.2","395.0","399.2","-15.5","26,618,100","112,800"
"2026/03/11","411.6","416.0","409.4","414.7","+7.5","32,656,100","108,800"
"2026/03/10","402.0","407.4","396.2","407.2","+8.7","24,977,200","102,700"
"2026/03/09","388.0","398.6","383.3","398.5","+4.9","41,334,400","102,100"
"2026/03/06","380.0","393.6","377.0","393.6","+20.8","30,669,600","102,100"
"2026/03/05","379.0","379.0","371.2","372.8","+1.1","25,369,300","103,100"
"2026/03/04","370.0","375.6","366.0","371.7","-4.0","29,923,700","108,000"
"2026/03/03","388.0","388.0","372.1","375.7","-9.7","26,608,400","163,900"
"2026/03/02","385.0","390.4","383.1","385.4","-3.6","24,440,900","105,000"
"2026/02/27","384.5","390.6","381.3","389.0","+9.1","36,617,200","120,000"
"2026/02/26","370.1","381.4","368.1","379.9","+12.9","27,029,000","110,000"
"2026/02/25","368.7","377.3","366.0","367.0","+1.4","29,834,600","131,400"
"2026/02/24","370.1","372.0","365.1","365.6","-8.7","25,725,800","130,700"
"2026/02/20","382.3","382.5","374.3","374.3","-8.7","21,277,100","130,700"
"2026/02/19","386.7","388.6","381.4","383.0","+0.6","15,125,500","128,600"
"2026/02/18","382.1","383.8","377.2","382.4","+2.3","19,236,000","129,500"
"2026/02/17","390.0","391.0","380.1","380.1","-9.1","20,336,900","112,500"
"2026/02/16","388.0","393.7","385.8","389.2","+1.7","16,793,900","112,500"
"2026/02/13","400.2","402.9","386.6","387.5","-9.5","35,777,000","114,900"
"2026/02/12","417.1","418.5","397.0","397.0","-23.2","47,511,200","205,800"
"2026/02/10","419.8","425.9","417.1","420.2","-4.1","23,472,500","297,800"
"2026/02/09","422.8","430.2","418.7","424.3","+1.1","28,836,300","202,500"
"2026/02/06","413.8","423.2","407.6","423.2","+15.5","48,282,900","120,600"
"2026/02/05","402.2","410.8","391.0","407.7","+29.5","49,218,900","121,700"
"2026/02/04","389.8","393.9","378.2","378.2","-14.1","41,251,800","0"
"2026/02/03","392.0","396.0","390.2","392.3","-2.6","22,110,200","1,000"
"2026/02/02","400.9","401.0","392.4","394.9","-1.7","13,848,900","5,900"
"2026/01/30","400.0","400.0","393.1","396.6","+3.9","16,154,700","5,900"
"2026/01/29","392.0","394.8","389.1","392.7","-3.3","13,589,000","6,000"
"2026/01/28","393.3","397.5","392.6","396.0","-1.7","14,220,300","1,000"
"2026/01/27","399.0","400.3","395.9","397.7","-2.7","16,433,700","8,700"
"2026/01/26","406.0","406.6","399.1","400.4","-5.6","14,607,800","8,700"
"2026/01/23","407.8","409.9","404.1","406.0","+5.7","14,410,500","3,700"
"2026/01/22","401.5","403.2","400.1","400.3","+0.2","12,492,500","3,700"
"2026/01/21","405.4","405.6","397.8","400.1","-4.9","21,047,700","7,700"
"2026/01/20","409.0","409.9","405.0","405.0","-6.7","15,573,100","3,700"
"2026/01/19","404.9","411.7","404.5","411.7","+8.0","15,938,200","3,700"
"2026/01/16","413.0","413.1","403.7","403.7","-8.8","27,075,400","6,700"
"2026/01/15","418.4","420.0","412.5","412.5","-3.5","20,545,100","3,100"
"2026/01/14","415.0","417.7","413.5","416.0","-0.5","14,001,100","1,000"
"2026/01/13","422.0","422.4","415.0","416.5","-0.8","14,818,800","4,100"
"2026/01/09","413.0","418.7","412.3","417.3","+1.3","12,567,200","1,000"
"2026/01/08","418.0","418.1","413.4","416.0","-1.8","15,402,500","5,400"
"2026/01/07","418.0","421.3","415.3","417.8","-5.3","12,858,200","1,000"
"2026/01/06","419.4","425.8","417.2","423.1","+7.5","15,649,900","2,200"
"2026/01/05","420.7","422.2","414.9","415.6","-1.6","14,344,200","1,900"
"2025/12/30","419.5","420.8","415.7","417.2","+0.6","11,471,200","1,000"
"2025/12/29","414.0","419.6","412.1","416.6","+3.3","13,429,300","1,000"
"2025/12/26","413.5","414.7","411.6","413.3","-0.3","10,583,400","1,000"
"2025/12/25","413.4","414.2","411.5","413.6","+3.0","8,694,000","8,000"
"2025/12/24","414.7","414.9","410.5","410.6","-3.8","13,667,100","3,000"
"2025/12/23","411.0","415.9","410.5","414.4","-0.8","20,745,200","1,000"
"2025/12/22","427.2","427.7","414.0","415.2","-12.5","16,761,300","8,000"
"2025/12/19","424.5","428.5","421.7","427.7","+8.7","30,813,700","3,000"
"2025/12/18","414.5","419.7","410.3","419.0","+3.5","14,813,700","6,800"
"2025/12/17","413.0","415.5","410.4","415.5","+3.1","14,308,200","3,700"
"2025/12/16","418.3","418.4","411.4","412.4","-4.0","19,776,200","6,800"
"2025/12/15","414.3","417.0","411.8","416.4","+4.8","11,422,800","6,800"
"2025/12/12","409.0","412.4","408.3","411.6","+2.9","14,768,500","3,800"
"2025/12/11","410.5","410.6","405.9","408.7","-1.8","19,770,000","10,900"
"2025/12/10","412.5","413.8","409.2","410.5","-3.9","18,278,900","6,600"
"2025/12/09","422.0","422.3","412.6","414.4","-5.0","17,453,700","3,900"
"2025/12/08","416.7","420.2","415.7","419.4","+2.7","13,261,300","1,000"
"2025/12/05","411.9","418.0","411.8","416.7","-3.2","16,625,200","1,000"
"2025/12/04","410.0","419.9","410.0","419.9","+10.4","18,797,100","87,900"
"2025/12/03","413.2","414.0","407.4","409.5","-5.0","17,949,400","12,000"
"2025/12/02","412.3","415.2","410.5","414.5","+0.4","12,745,200","1,000"
"2025/12/01","419.3","420.1","411.4","414.1","-6.4","17,930,100","0"
"2025/11/28","422.4","423.9","418.0","420.5","-4.6","15,987,900","5,100"
"2025/11/27","427.0","430.0","423.2","425.1","-0.9","7,860,400","1,100"
"2025/11/26","425.0","431.7","420.2","426.0","+5.0","15,699,200","1,100"
"2025/11/25","422.0","425.2","417.7","421.0","-4.6","17,114,600","1,000"
"2025/11/21","416.1","425.9","415.6","425.6","+6.9","31,840,300","1,000"
"2025/11/20","422.0","425.1","416.6","418.7","-4.2","17,836,200","1,100"
"2025/11/19","419.0","426.0","416.5","422.9","+2.2","20,168,500","1,000"
"2025/11/18","424.6","427.1","419.5","420.7","-8.1","17,028,800","1,000"
"2025/11/17","430.0","431.8","422.5","428.8","-1.4","15,362,100","3,900"
"2025/11/14","426.0","432.4","425.0","430.2","-0.5","13,148,900","1,000"
"2025/11/13","431.3","433.0","425.0","430.7","+0.5","14,552,400","3,700"
"2025/11/12","430.0","433.6","428.1","430.2","-0.2","19,536,600","1,000"
"2025/11/11","430.0","434.8","428.4","430.4","+1.7","18,446,900","1,000"
"2025/11/10","425.5","431.4","424.8","428.7","+3.5","16,250,100","1,000"
"2025/11/07","419.0","426.9","416.5","425.2","+3.6","24,532,600","1,000"
"2025/11/06","421.4","425.2","416.1","421.6","-6.0","37,484,900","1,000"
"2025/11/05","458.4","459.0","422.5","427.6","-16.3","51,272,900","16,000"
"2025/11/04","447.7","453.0","440.7","443.9","-9.1","23,287,000","15,800"
"2025/10/31","452.2","455.7","449.2","453.0","+6.8","19,238,900","8,900"
"2025/10/30","442.4","447.0","439.5","446.2","+1.4","16,186,300","7,500"
"2025/10/29","451.0","453.0","443.1","444.8","-8.2","15,350,800","7,500"
"2025/10/28","453.6","455.4","450.1","453.0","-2.0","9,756,800","14,500"
"2025/10/27","456.5","459.4","453.4","455.0","+0.2","12,264,200","13,000"
"2025/10/24","448.3","455.8","448.1","454.8","+2.9","10,524,600","12,400"
"2025/10/23","448.0","451.9","444.4","451.9","+3.4","9,347,100","12,400"
"2025/10/22","451.5","452.5","448.1","448.5","-2.5","9,735,500","11,500"
"2025/10/21","450.0","452.4","447.3","451.0","+2.1","14,569,900","11,700"
"2025/10/20","445.0","450.2","443.5","448.9","+8.8","13,944,600","15,300"
"2025/10/17","444.3","446.0","438.0","440.1","-7.9","17,495,600","5,400"
"2025/10/16","446.0","450.4","446.0","448.0","+1.8","14,101,300","3,700"
"2025/10/15","452.9","453.3","446.2","446.2","-4.6","20,704,100","38,900"
"2025/10/14","450.2","457.5","445.0","450.8","-10.9","40,888,500","0"
"2025/10/10","464.6","468.6","460.0","461.7","-3.2","24,527,200","0"
"2025/10/09","464.3","466.5","458.7","464.9","-2.9","18,753,700","0"
"2025/10/08","471.0","474.8","465.9","467.8","-4.9","10,901,800","6,000"
"2025/10/07","473.0","473.0","466.1","472.7","+6.2","13,227,200","7,700"
"2025/10/06","469.8","471.7","464.5","466.5","+4.7","15,581,100","6,000"
"2025/10/03","458.2","463.9","456.3","461.8","+3.6","12,181,000","5,800"
"2025/10/02","463.6","465.2","453.2","458.2","-9.5","17,719,600","12,900"
"2025/10/01","471.0","472.1","463.3","467.7","-8.4","16,978,700","11,600"
"2025/09/30","484.6","484.6","475.7","476.1","-3.5","16,654,700","4,500"
"2025/09/29","486.6","488.1","479.6","479.6","-5.8","11,457,200","2,300"
"2025/09/26","486.1","488.7","483.0","485.4","-0.7","10,946,500","100"
"2025/09/25","489.0","489.0","481.7","486.1","+0.6","13,549,500","100"
"2025/09/24","478.5","485.5","472.3","485.5","-1.0","22,252,700","5,500"
"2025/09/22","493.9","496.3","485.8","486.5","-8.0","14,637,500","6,300"
"2025/09/19","498.0","503.1","490.3","494.5","-8.3","18,481,800","4,900"
"2025/09/18","501.0","504.9","498.9","502.8","+1.8","11,923,000","3,800"
"2025/09/17","492.0","501.0","489.0","501.0","+6.5","12,021,000","3,800"
"2025/09/16","495.5","498.8","492.4","494.5","+2.4","13,986,000","4,300"
"2025/09/12","492.9","492.9","487.5","492.1","+4.2","11,630,700","4,300"
"2025/09/11","489.8","493.9","485.7","487.9","-6.4","13,017,500","4,300"
"2025/09/10","485.5","494.4","485.1","494.3","+3.4","14,273,200","1,000"
"2025/09/09","482.9","494.5","481.5","490.9","+11.6","24,350,300","1,000"
"2025/09/08","475.0","483.7","473.8","479.3","+3.1","18,373,700","1,000"
"2025/09/05","474.0","476.5","468.0","476.2","+8.8","19,700,400","1,000"
"2025/09/04","464.0","467.4","461.1","467.4","+7.4","13,523,100","1,000"
"2025/09/03","464.9","465.2","458.8","460.0","-9.2","21,594,700","1,000"
"2025/09/02","460.0","469.5","459.2","469.2","+7.7","14,496,100","1,000"
"2025/09/01","463.2","469.9","460.2","461.5","-7.3","10,798,200","0"
"2025/08/29","458.3","469.2","457.6","468.8","+9.0","18,410,300","21,500"
"2025/08/28","460.6","461.5","454.8","459.8","-1.9","28,515,100","0"
"2025/08/27","460.8","465.5","457.3","461.7","-1.2","16,956,800","0"
"2025/08/26","465.0","465.2","459.4","462.9","-0.2","23,405,500","5,600"
"2025/08/25","466.2","467.6","461.5","463.1","-2.9","12,832,000","2,300"
"2025/08/22","466.1","466.7","461.8","466.0","-0.8","15,325,700","2,300"
"2025/08/21","478.0","478.5","466.6","466.8","-3.3","19,452,700","1,800"
"2025/08/20","473.3","474.8","468.5","470.1","-5.8","28,838,200","0"
"2025/08/19","478.0","481.0","472.5","475.9","-8.2","36,950,900","31,400"
"2025/08/18","485.0","485.9","479.3","484.1","+5.0","29,144,400","0"
"2025/08/15","487.0","488.7","470.6","479.1","-10.7","43,348,800","36,400"
"2025/08/14","491.1","491.7","486.6","489.8","-5.0","18,836,100","0"
"2025/08/13","503.8","504.8","490.5","494.8","-8.2","27,158,400","5,000"
"2025/08/12","499.1","506.2","495.3","503.0","+11.9","27,894,700","0"
"2025/08/08","488.5","503.2","488.3","491.1","+2.7","31,537,500","0"
"2025/08/07","477.0","489.5","476.1","488.4","+2.8","32,092,100","0"
"2025/08/06","487.8","492.4","485.5","485.6","0.0","37,266,900","0"
"2025/08/05","513.1","514.6","485.0","485.6","-67.5","79,738,800","0"
"2025/08/04","561.0","563.9","549.0","553.1","-8.0","17,216,800","8,700"
"2025/08/01","554.0","561.1","550.3","561.1","+6.1","12,222,300","36,400"
"2025/07/31","549.4","556.0","547.6","555.0","+6.8","13,861,800","35,900"
"2025/07/30","545.3","549.9","544.1","548.2","+2.3","12,073,300","28,900"
"2025/07/29","547.3","549.5","541.8","545.9","-1.6","8,120,500","28,000"
"2025/07/28","559.0","559.1","547.0","547.5","-14.4","14,224,800","53,000"
"2025/07/25","567.0","571.5","561.6","561.9","-3.2","9,285,800","45,200"
"2025/07/24","566.3","567.0","556.4","565.1","+8.8","15,121,000","37,800"
"2025/07/23","550.0","557.1","539.1","556.3","+3.4","20,524,800","19,500"
"2025/07/22","545.2","564.5","544.3","552.9","+13.1","21,400,300","64,300"
"2025/07/18","532.5","539.8","530.5","539.8","+1.8","9,507,000","58,100"
"2025/07/17","526.3","538.8","525.1","538.0","+18.8","16,425,300","45,300"
"2025/07/16","515.0","519.2","513.0","519.2","+6.0","8,522,300","9,700"
"2025/07/15","516.8","519.3","512.1","513.2","-3.6","8,207,600","11,500"
"2025/07/14","520.9","521.3","511.2","516.8","+2.0","9,291,400","10,700"
"2025/07/11","528.3","528.9","514.0","514.8","-17.9","18,075,700","37,800"
"2025/07/10","535.4","538.4","528.0","532.7","+0.8","11,320,000","24,200"
"2025/07/09","535.0","537.5","528.5","531.9","+2.9","11,361,200","25,900"
"2025/07/08","534.8","535.4","529.0","529.0","-1.3","11,805,200","28,300"
"2025/07/07","525.4","534.0","524.9","530.3","+5.4","9,200,900","38,900"
"2025/07/04","521.7","526.9","520.9","524.9","+4.6","7,872,900","10,400"
"2025/07/03","523.0","526.7","515.2","520.3","-5.3","12,217,000","13,800"
"2025/07/02","537.8","539.1","519.7","525.6","-12.9","18,321,000","12,100"
"2025/07/01","535.0","543.9","527.6","538.5","+8.1","15,051,700","27,600"
"2025/06/30","517.3","532.8","517.2","530.4","+13.9","13,993,200","48,800"
"2025/06/27","509.5","517.3","504.3","516.5","+1.3","11,471,000","24,200"
"2025/06/26","510.8","518.9","510.8","515.2","+1.4","10,960,900","29,400"
"2025/06/25","520.0","521.4","511.8","513.8","-5.7","13,133,500","33,000"
"2025/06/24","525.0","526.6","516.3","519.5","-5.4","13,230,000","61,500"
"2025/06/23","530.3","533.4","524.0","524.9","-13.5","9,770,900","51,000"
"2025/06/20","538.6","546.0","537.9","538.4","-3.1","30,777,000","38,200"
"2025/06/19","551.6","551.9","537.8","541.5","-6.2","10,406,000","35,800"
"2025/06/18","524.8","552.2","524.1","547.7","+22.7","18,027,500","52,000"
"2025/06/17","517.5","525.0","516.6","525.0","+3.6","7,960,200","22,500"
"2025/06/16","517.2","524.8","516.0","521.4","+8.7","12,912,900","12,200"
"2025/06/13","535.5","535.9","511.3","512.7","-28.6","20,828,300","11,900"
"2025/06/12","540.0","544.0","538.2","541.3","+3.7","15,011,500","32,200"
"2025/06/11","533.0","539.8","527.0","537.6","+4.6","15,200,300","56,700"
"2025/06/10","524.9","533.0","521.8","533.0","+9.1","14,986,500","60,500"
"2025/06/09","530.0","535.6","521.5","523.9","-6.1","11,243,400","43,900"
"2025/06/06","529.5","539.0","525.5","530.0","+13.5","18,496,100","40,200"
"2025/06/05","518.9","528.6","516.5","516.5","-4.9","10,789,900","44,100"
"2025/06/04","524.4","530.3","519.5","521.4","-4.2","11,858,500","23,400"
"2025/06/03","521.3","527.9","521.1","525.6","+3.6","9,248,300","36,700"
"2025/06/02","519.8","523.0","514.2","522.0","0.0","14,947,600","35,700"
"2025/05/30","524.9","527.6","522.0","522.0","-6.8","24,112,800","44,600"
"2025/05/29","532.0","533.0","526.8","528.8","-1.1","9,891,400","49,400"
"2025/05/28","529.0","533.4","527.3","529.9","-1.2","10,214,600","52,400"
"2025/05/27","532.0","534.8","530.2","531.1","-0.6","6,687,700","62,400"
"2025/05/26","531.9","533.7","528.4","531.7","+4.9","10,945,300","92,200"
"2025/05/23","523.0","529.4","522.1","526.8","+8.2","9,423,600","101,400"
"2025/05/22","517.4","519.4","513.2","518.6","+4.3","9,720,700","40,900"
"2025/05/21","513.5","516.0","510.0","514.3","-2.0","9,133,200","5,500"
"2025/05/20","509.1","516.7","505.6","516.3","+1.2","18,503,700","5,500"
"2025/05/19","524.7","524.9","506.9","515.1","-5.8","16,837,000","5,500"
"2025/05/16","525.0","528.7","520.7","520.9","-4.1","14,626,300","5,500"
"2025/05/15","522.9","527.4","521.5","525.0","-3.1","14,201,500","5,500"
"2025/05/14","526.1","534.6","523.1","528.1","-4.5","15,302,900","5,500"
"2025/05/13","538.5","539.5","532.1","532.6","-12.3","13,751,700","5,600"
"2025/05/12","545.9","552.3","540.9","544.9","+6.1","12,567,700","5,600"
"2025/05/09","533.0","539.6","529.7","538.8","+8.8","20,859,700","5,500"
"2025/05/08","542.2","546.0","521.7","530.0","-16.0","47,938,200","5,500"
"2025/05/07","543.8","550.7","541.2","546.0","+12.2","19,604,500","14,500"
"2025/05/02","527.0","535.6","525.2","533.8","+3.9","13,785,400","16,500"
"2025/05/01","531.0","536.4","524.1","529.9","-9.9","14,333,800","16,500"
"2025/04/30","532.0","543.0","527.7","539.8","+11.5","14,850,100","16,500"
"2025/04/28","529.8","530.0","521.4","528.3","+7.4","10,064,600","8,100"
"2025/04/25","533.1","534.4","518.3","520.9","-8.6","13,618,300","8,100"
"2025/04/24","549.9","551.3","525.4","529.5","-20.5","13,904,700","17,300"
"2025/04/23","559.6","561.0","546.0","550.0","-2.7","9,374,100","17,300"
"2025/04/22","555.8","555.8","544.8","552.7","-3.4","12,190,400","8,100"
"2025/04/21","550.0","558.8","548.5","556.1","+2.1","9,529,400","11,300"
"2025/04/18","542.8","555.9","538.0","554.0","+16.0","12,051,000","10,400"
"2025/04/17","526.5","539.8","524.3","538.0","+10.0","13,984,600","6,500"
"2025/04/16","522.0","528.0","517.9","528.0","+12.8","9,073,900","12,000"